"res_avg","count","percent"
"69.0","6","8.823529411764707"
"77.0","4","5.882352941176471"
"4917.0","3","4.411764705882353"

