"ts","count_","ma","rs","lower","upper","outlier"
"1602604800000","59","59.0","0.0","59.0","59.0","0"
"1602608400000","13","36.0","23.0","13.0","59.0","0"
"1602612000000","0","24.0","25.311394008759507","-1.3113940087595068","49.31139400875951","0"
"1602615600000","0","18.0","24.259018941416407","-6.259018941416407","42.25901894141641","0"
"1602619200000","0","14.4","22.861321046693696","-8.461321046693696","37.261321046693695","0"
"1602622800000","0","2.6","5.2000000000000055","-2.6000000000000054","7.800000000000006","0"
"1602626400000","0","0.0","2.3238168584844979E-7","-2.3238168584844979E-7","2.3238168584844979E-7","0"

