"ts","count_","ma","rs","lower","upper","outlier"
"1603814400000","59","59.0","0.0","59.0","59.0","0"
"1603818000000","13","36.0","23.0","13.0","59.0","0"
"1603821600000","0","24.0","25.311394008759507","-1.3113940087595068","49.31139400875951","0"
"1603825200000","0","18.0","24.259018941416407","-6.259018941416407","42.25901894141641","0"
"1603828800000","0","14.4","22.861321046693696","-8.461321046693696","37.261321046693695","0"
"1603832400000","0","2.6","5.2000000000000055","-2.6000000000000054","7.800000000000006","0"
"1603836000000","0","0.0","2.3238168584844979E-7","-2.3238168584844979E-7","2.3238168584844979E-7","0"

