"r_max_status","count","percent"
"200.0","13","48.148148148148145"
"404.0","5","18.51851851851852"
"500.0","5","18.51851851851852"

