"cnt","count","percent"
"1","16","59.25925925925926"
"2","4","14.814814814814815"
"4","3","11.11111111111111"

