"apache.status","avg_length","eval_length"
"200","2930.0425531914893","3130.0425531914893"
"502","166.0","366.0"
"500","93.0","293.0"
"404","69.0","269.0"
"206","1.0","201.0"
"499","0.0","200.0"

