"apache.clientip","clientip_count","clientip_percent"
"23.166.125.53","13","18.055555555555557"
"71.221.121.107","11","15.277777777777779"
"83.131.11.65","6","8.333333333333334"
"80.106.251.94","6","8.333333333333334"
"12.234.8.15","4","5.555555555555555"
"22.132.197.8","4","5.555555555555555"
"13.78.39.216","4","5.555555555555555"
"71.221.152.243","2","2.7777777777777777"
"22.243.118.140","2","2.7777777777777777"
"1.157.46.56","2","2.7777777777777777"
"7.207.19.229","2","2.7777777777777777"

